Top queries,Clicks,Impressions,CTR,Position
original sounds mp3 download tiktok,1,2,50%,7
mediatools,0,19,0%,30.37
download tiktok sound,0,16,0%,68.56
gif download twitter,0,14,0%,82.93
tiktok sounds download,0,13,0%,69.08
tiktok sound download,0,11,0%,76.82
tiktok sound downloader,0,11,0%,79
how to save gifs from twitter,0,11,0%,93.55
tik tok sound download,0,10,0%,80.7
download tiktok audio,0,8,0%,76
tiktok audio download,0,8,0%,85
how to download tiktok video without watermark 2026,0,7,0%,2.71
tik tok sounds download,0,7,0%,66.86
download tiktok sounds,0,6,0%,69
gif downloader twitter,0,6,0%,81.33
download sound tiktok,0,6,0%,82.67
download twitter gif,0,6,0%,89
how to save a gif from twitter,0,6,0%,94.17
how to download gif from twitter,0,5,0%,73.8
tik tok audio downloader,0,5,0%,84.2
twitter gif to mp4,0,4,0%,9.5
download audio from tiktok,0,4,0%,65
how to download songs from tiktok,0,4,0%,75
how to download gifs from twitter,0,4,0%,77.25
how to download a gif from twitter,0,4,0%,79
tiktok thumbnail downloader,0,4,0%,79
twitter download gif,0,4,0%,81
tik tok audio download,0,4,0%,82.25
twitter gif downloader,0,4,0%,88.75
tiktok audio downloader,0,4,0%,92
download gif from twitter,0,3,0%,64.33
x gif downloader,0,3,0%,73.33
tiktok to mp3,0,3,0%,87.67
twitter gifs download,0,3,0%,87.67
twitter video to gif,0,3,0%,92
how to download an audio from tiktok,0,2,0%,9
tweet 2 gif,0,2,0%,23
how to download twitter gifs,0,2,0%,60.5
save audio from tiktok,0,2,0%,63
save tiktok sound,0,2,0%,66
tiktok downloader sound,0,2,0%,67
tiktok download sounds,0,2,0%,72.5
tiktok sounds download mp3,0,2,0%,73.5
how to save audio from tiktok,0,2,0%,74
download tweet gif,0,2,0%,75
twitter gif to gif,0,2,0%,78.5
twitter to mp4 gif,0,2,0%,82
x gif download,0,2,0%,82.5
tiktok audios download,0,2,0%,83
gif save twitter,0,2,0%,85
how do you save gifs on twitter,0,2,0%,86
twitter to gif,0,2,0%,88.5
download gifs from twitter,0,2,0%,89.5
get gif from twitter,0,2,0%,92
tiktok video audio download,0,2,0%,92
download tik tok music,0,2,0%,93
tiktok sound to mp3,0,2,0%,93
mp3 tiktok ringtone downloader,0,2,0%,93.5
gif twitter,0,2,0%,98
download music from tik tok,0,2,0%,99
free tiktok video downloader,0,1,0%,1
how to download tiktok video 2026,0,1,0%,1
thumbnail grabber,0,1,0%,1
thumbnail downloader,0,1,0%,3
how to download twitter gif,0,1,0%,7
how to download gif in twitter,0,1,0%,10
media tools,0,1,0%,10
how to download sound on tiktok,0,1,0%,12
tiktok thumbnail download,0,1,0%,36
tiktok sound mp3,0,1,0%,43
how to save sound from tiktok,0,1,0%,44
how to save a sound from tiktok,0,1,0%,46
save tiktok sounds,0,1,0%,47
how to extract audio from tiktok,0,1,0%,49
tiktok sounds mp3,0,1,0%,59
how to save tiktok sounds,0,1,0%,60
twitter gif grabber,0,1,0%,62
tiktok sounds downloader,0,1,0%,63
dl twitter gif,0,1,0%,64
mp3 tiktok sounds,0,1,0%,65
download sound from tiktok,0,1,0%,67
download tiktok music,0,1,0%,68
twitter save gif,0,1,0%,69
download tiktok sounds to mp3,0,1,0%,70
gif from twitter,0,1,0%,70
qload audio mp3,0,1,0%,70
save gifs from twitter,0,1,0%,70
tiktok download music,0,1,0%,71
tiktok music download,0,1,0%,73
save twitter gifs,0,1,0%,74
sound downloader tiktok,0,1,0%,74
how to download gifs on twitter,0,1,0%,75
tik tok sound downloader,0,1,0%,75
audio download tiktok,0,1,0%,76
download tiktok thumbnail,0,1,0%,76
downloadable tiktok sounds,0,1,0%,76
tiktok sound downloads,0,1,0%,77
tik tok download audio,0,1,0%,78
tiktok download sound,0,1,0%,78
save gifs on twitter,0,1,0%,79
download audios tiktok,0,1,0%,80
save twitter gif,0,1,0%,80
how do i save gifs from twitter,0,1,0%,81
how to download gif off twitter,0,1,0%,83
how to save a twitter gif,0,1,0%,83
tiktok to audio file,0,1,0%,83
how to get gifs from twitter,0,1,0%,84
save gif from twitter,0,1,0%,84
download gif in twitter,0,1,0%,86
twitter save gifs,0,1,0%,87
copy gifs from twitter,0,1,0%,88
how to save gif from twitter,0,1,0%,88
tiktok sound herunterladen,0,1,0%,88
download gifs twitter,0,1,0%,89
download tik tok sounds,0,1,0%,89
save a gif from twitter,0,1,0%,89
audio tiktok download,0,1,0%,90
sound download tiktok,0,1,0%,90
gif twitter download,0,1,0%,91
tt sound downloader,0,1,0%,91
save gif on twitter,0,1,0%,96
tiktok audio dl,0,1,0%,97
tiktok video audio downloader,0,1,0%,97
download tiktok songs,0,1,0%,99
twitter gif to video,0,1,0%,99
twitter video into gif,0,1,0%,99
tiktok downloader mp3,0,1,0%,100
twitter 2 gif,0,1,0%,100
twitter gif video download,0,1,0%,100