Target page,Internal links
https://getmediatools.com/ja/blog/,451
https://getmediatools.com/ko/blog/,451
https://getmediatools.com/es/blog/,450
https://getmediatools.com/ar/blog/,447
https://getmediatools.com/pt/blog/,447
https://getmediatools.com/tr/blog/,446
https://getmediatools.com/de/blog/,445
https://getmediatools.com/fr/blog/,428
https://getmediatools.com/hi/blog/,391
https://getmediatools.com/,115
https://getmediatools.com/es/,59
https://getmediatools.com/es/facebook-downloader/,54
https://getmediatools.com/fr/,54
https://getmediatools.com/de/,53
https://getmediatools.com/pt/,53
https://getmediatools.com/tr/,53
https://getmediatools.com/ja/,52
https://getmediatools.com/ko/,52
https://getmediatools.com/es/blog/how-to-download-tiktok-sounds-mp3/,51
https://getmediatools.com/de/facebook-downloader/,49
https://getmediatools.com/es/blog/download-instagram-reels-without-watermark/,49
https://getmediatools.com/ja/tiktok-downloader/,49
https://getmediatools.com/ja/video-to-mp3/,49
https://getmediatools.com/de/tiktok-downloader/,48
https://getmediatools.com/de/video-to-mp3/,48
https://getmediatools.com/fr/facebook-downloader/,48
https://getmediatools.com/fr/tiktok-downloader/,48
https://getmediatools.com/fr/tiktok-sound-downloader/,48
https://getmediatools.com/ja/tiktok-sound-downloader/,48
https://getmediatools.com/ko/facebook-downloader/,48
https://getmediatools.com/ko/thumbnail-grabber/,48
https://getmediatools.com/ko/video-to-mp3/,48
https://getmediatools.com/pt/tiktok-downloader/,48
https://getmediatools.com/pt/video-to-mp3/,48
https://getmediatools.com/de/twitter-downloader/,47
https://getmediatools.com/fr/twitter-downloader/,47
https://getmediatools.com/ja/facebook-downloader/,47
https://getmediatools.com/ja/twitter-downloader/,47
https://getmediatools.com/ko/twitter-downloader/,47
https://getmediatools.com/pt/blog/how-to-download-tiktok-sounds-mp3/,47
https://getmediatools.com/pt/thumbnail-grabber/,47
https://getmediatools.com/thumbnail-grabber/,47
https://getmediatools.com/tiktok-sound-downloader/,47
https://getmediatools.com/tr/blog/how-to-download-tiktok-sounds-mp3/,47
https://getmediatools.com/tr/facebook-downloader/,47
https://getmediatools.com/video-to-mp3/,47
https://getmediatools.com/es/blog/how-to-become-a-content-creator/,46
https://getmediatools.com/fr/blog/how-to-download-tiktok-thumbnails/,46
https://getmediatools.com/fr/video-to-mp3/,46
https://getmediatools.com/ja/thumbnail-grabber/,46
https://getmediatools.com/ko/blog/best-tiktok-downloaders-2026/,46
https://getmediatools.com/tr/tiktok-downloader/,46
https://getmediatools.com/ja/blog/download-instagram-reels-without-watermark/,45
https://getmediatools.com/pt/blog/download-facebook-reels-to-phone/,45
https://getmediatools.com/fr/blog/download-instagram-reels-without-watermark/,43
https://getmediatools.com/pt/blog/download-instagram-reels-without-watermark/,42
https://getmediatools.com/de/blog/download-instagram-reels-without-watermark/,41
https://getmediatools.com/fr/blog/how-to-become-a-content-creator/,41
https://getmediatools.com/ja/blog/how-to-become-a-content-creator/,41
https://getmediatools.com/ja/blog/successful-faceless-youtube-channels/,41
https://getmediatools.com/blog/how-to-become-a-content-creator/,38
https://getmediatools.com/de/blog/successful-faceless-youtube-channels/,36
https://getmediatools.com/ko/blog/download-instagram-reels-without-watermark/,36
https://getmediatools.com/ko/legal/privacy-policy/,36
https://getmediatools.com/tr/blog/how-to-become-a-content-creator/,36
https://getmediatools.com/blog/download-instagram-reels-without-watermark/,35
https://getmediatools.com/ko/legal/refund-policy/,35
https://getmediatools.com/pt/blog/successful-faceless-youtube-channels/,35
https://getmediatools.com/tr/blog/successful-faceless-youtube-channels/,35
https://getmediatools.com/ko/instagram-downloader/,34
https://getmediatools.com/ko/legal/terms-of-service/,34
https://getmediatools.com/ko/blog/successful-faceless-youtube-channels/,32
https://getmediatools.com/instagram-downloader/,31
https://getmediatools.com/blog/successful-faceless-youtube-channels/,30
https://getmediatools.com/ko/blog/how-to-download-tiktok-thumbnails/,29
https://getmediatools.com/fr/legal/contact-us/,25
https://getmediatools.com/es/blog/anonymous-tiktok-story-viewer/,22
https://getmediatools.com/pt/blog/anonymous-tiktok-story-viewer/,20
https://getmediatools.com/tr/blog/anonymous-tiktok-story-viewer/,20
https://getmediatools.com/blog/how-to-download-reddit-videos-with-audio/,19
https://getmediatools.com/de/blog/anonymous-tiktok-story-viewer/,18
https://getmediatools.com/ko/blog/anonymous-viewing/,18
https://getmediatools.com/tr/blog/anonymous-viewing/,17
https://getmediatools.com/ja/blog/audio-conversion/,16
https://getmediatools.com/pt/blog/mp3-juice-free-music-downloaders-safe/,10
https://getmediatools.com/ko/blog/audio-conversion/,8
https://getmediatools.com/fr/blog/watch-tiktok-without-app/,7
https://getmediatools.com/ko/blog/watch-tiktok-without-app/,7
https://getmediatools.com/pt/blog/how-to-download-reddit-videos-with-audio/,7
https://getmediatools.com/ko/blog/creator-assets/,6
https://getmediatools.com/blog/watch-tiktok-without-app/,5
https://getmediatools.com/de/blog/watch-tiktok-without-app/,5