"query","search interest","increase percent"
"how to save tiktok video",100,"9%"
"save video from tiktok",96,"30%"
"save from tiktok video",94,"30%"
"save from video tiktok",93,"30%"
"save video on tiktok",77,"5%"
"tiktok download",69,"20%"
"save tiktok video download",68,"20%"
"save video download",68,"20%"
"save video tiktok watermark",68,"50%"
"tiktok save video download",67,"20%"
"download tiktok",67,"20%"
"tiktok download video",67,"20%"
"download video",67,"20%"
"tiktok video download",66,"20%"
"save the video",51,"10%"
"how to save video on tiktok",50,"30%"
"how to save a tiktok video",49,"30%"
"save video without watermark",48,"40%"
"tiktok video save without watermark",48,"50%"
"save video tiktok without watermark",48,"50%"
"tiktok save video without watermark",47,"40%"
"save video for tiktok",38,"1%"
"save video tiktok hd",29,"10%"
"how to save a video on tiktok",29,"10%"
"how to save video from tiktok",28,"10%"
"tiktok video downloader",28,"40%"
"save video downloader",26,"30%"
"video downloader",25,"20%"
"instagram",23,"20%"
"save tiktok videos",20,"9%"
"how to save a video from tiktok",15,"2%"
"how to save tiktok video without watermark",14,"40%"
"facebook video save",13,"4%"
"save facebook",13,"-10%"
"save from net tiktok video",11,"20%"
"save from net tiktok",11,"10%"
"cara save video tiktok",10,"10%"
"how do i save a tiktok video",9,"-10%"
"save video tiktok no watermark",8,"20%"
"save tiktok story",8,"3%"
"snap save",8,"20%"
"save tiktok video no watermark",8,"10%"
"save video tiktok mp3",7,"-10%"
"snap save tiktok",7,"4%"
"save tiktok video with watermark",7,"50%"
"how to save tiktok video without posting",6,"-20%"
"save video dari tiktok",6,"50%"
"capcut",6,"-9%"
"how do you save a tiktok video",6,"-20%"
"how to save a tiktok video to camera roll",6,"-5%"